{
  "bounds": [
    [
      0.0,
      0.8595474362373352
    ],
    [
      0.0,
      0.7881045937538147
    ]
  ],
  "vel_mean": [
    0.00011570185597520322,
    -0.0005101776332594454
  ],
  "vel_std": [
    0.0022245500003919005,
    0.0028424388729035854
  ],
  "acc_mean": [
    -5.334130648293467e-08,
    5.380335096560884e-06
  ],
  "acc_std": [
    0.0002681937476154417,
    0.00029981014085933566
  ],
  "dim": 2,
  "sequence_length": 1000,
  "default_connectivity_radius": 0.015
}