{
  "vel_mean": [
    -0.00011216722545642244,
    -0.00027970046480073585
  ],
  "vel_std": [
    0.0013912287657553313,
    0.00130380875639214
  ],
  "acc_mean": [
    -2.556139643798081e-7,
    1.052522741734383e-7
  ],
  "acc_std": [
    7.258740656971313e-5,
    9.33413382864967e-5
  ],
  "dim": 2,
  "default_connectivity_radius": 0.02,
  "bounds": [
    [
      0.1,
      0.9
    ],
    [
      0.1,
      0.9
    ]
  ]
}